{"status":200,"timestamp":1584093795000,"data":{"seed":{"id":null,"musimap_id":null,"outer_id":null,"organization_id":null,"project_ids":null,"created_at":null,"updated_at":null,"archived_at":null,"versioned_predicted_lexicology":null,"lexicology":null,"references":null,"predicted_lexicology":null,"predicted_attributes":null,"title":"Sting Medley \"Every breath you take \", \"Roxanne\", \"Fields of Gold\" live - Inas Nacht, 20.7. 2019","description":null,"album_title":null,"artist_name":null,"album_outer_ids":null,"performers":null},"lexicology":{"mood":[{"score":60.32615900039673,"item":{"id":"f1aea1a6-ca6a-4b20-b0f6-5a8ea50f6cb6","name":"Friendly"}},{"score":56.831592321395874,"item":{"id":"0158d0de-e706-4d42-a727-ee006188c5e1","name":"Soothing"}},{"score":55.26269227266312,"item":{"id":"2cc908b7-d8dd-42b7-9f26-f102130b05c5","name":"Lively"}},{"score":54.77883577346802,"item":{"id":"a8e784e7-60cb-4a9a-bc67-ed2b99a8c8dc","name":"Revitalizing"}},{"score":53.525061688887924,"item":{"id":"a03a702b-0ec4-300a-d18c-1542c9023315","name":"Good vibrations"}},{"score":53.24781954288483,"item":{"id":"35ce3ef9-68ca-42b7-a22d-afe312ff8d09","name":"Impulsive"}},{"score":52.28896737098694,"item":{"id":"2154f72e-2004-45b4-8360-9200634c92e8","name":"Sentimental"}},{"score":51.0116446018219,"item":{"id":"62f1b60e-95b0-4164-8be1-5bc66c886b44","name":"Refined"}},{"score":50.58970002431895,"item":{"id":"1e66c428-f242-7510-c474-303c768870f4","name":"Dynamism"}},{"score":50.585428565740585,"item":{"id":"9b58478c-75c0-502b-a8d1-02eb242e8e38","name":"Extroversion"}}],"acoustic_attribute":[{"score":286.1859436035156,"item":{"id":"63588566-5b72-4d99-a685-1aade8dfe964","name":"Duration"}},{"score":114.0,"item":{"id":"582ba553-1b91-4425-88e4-d58432c9fee5","name":"Bpm"}},{"score":34.91759348420262,"item":{"id":"93a6f555-450e-4d1f-b3b4-0631d71f7441","name":"Rhythm Presence"}},{"score":5.0,"item":{"id":"82fe3702-fca7-4493-8499-1f574d446acc","name":"Key"},"value_label":"D"},{"score":3.3176484561388504,"item":{"id":"06132ef1-2688-4032-9232-01a699193748","name":"Spectral Energy"}},{"score":1.0,"item":{"id":"2a246dc3-e21f-4806-a91e-e6d621436310","name":"Key Scale"},"value_label":"major"}],"genre":[{"score":43.91127571463585,"item":{"id":"e1e8d1a3-bc09-41bd-8108-954b839d7f94","name":"Folk"}},{"score":33.370497822761536,"item":{"id":"20152b88-901e-4c57-867f-1ebe2176be40","name":"Pop"}},{"score":14.427942223846912,"item":{"id":"aa90e487-352c-4da4-b3fa-1350ac08db0a","name":"Pop Rock"}},{"score":12.46435708925128,"item":{"id":"6ba8d827-05d9-4714-af27-28de89253970","name":"Gospel"}},{"score":12.430235426872967,"item":{"id":"c8f9879f-679d-d539-d994-f94e439f9520","name":"Blues"}},{"score":9.45982150733471,"item":{"id":"4e41b174-f77e-4373-af46-ad848307f73a","name":"Rock"}}],"rhythmic_mood":[{"score":60.09610891342163,"item":{"id":"eba5e088-c286-d5e7-80a5-a1eae337b4d9","name":"Staccato"}},{"score":30.82614541053772,"item":{"id":"095a8c30-3f6e-2a7d-ff6c-e7866676ea98","name":"Lyrical"}},{"score":16.7066290974617,"item":{"id":"6316bc1f-d794-4bc9-6a8c-fbe3868664f6","name":"Flowing"}}],"voices_family":[{"score":64.21160697937012,"item":{"id":"2c967e7e-d9ee-817b-a332-ec8e5984ae50","name":"Male Vocal"}},{"score":15.0,"item":{"id":"0b897061-b94f-477f-9d72-06491f14a8de","name":"Instrumental (no vocal)"}},{"score":0.0,"item":{"id":"2f0c46c8-03c1-c9c0-cb49-fca8bdb0b84f","name":"Female Vocal"}}],"situation":[{"score":99.0,"item":{"id":"eba71285-bc1d-5556-3d1d-dc20d77a24fc","name":"Christmas"}},{"score":97.2,"item":{"id":"ace6d88d-f11c-9317-6630-4093e0fe0a47","name":"Life cycle"}},{"score":95.03999999999999,"item":{"id":"b3677017-79f7-11cc-5558-37e999603848","name":"Family"}},{"score":93.34285714285713,"item":{"id":"3cf78511-f764-2f9a-ecc4-b8714a710c1c","name":"Summer"}},{"score":86.39999999999999,"item":{"id":"9add2faa-9468-ff02-7b63-d9d5dab1ce03","name":"Commute"}},{"score":84.85714285714285,"item":{"id":"b81db2b6-3b87-930c-b56f-e71c58c366e9","name":"Hope"}},{"score":84.85714285714285,"item":{"id":"d7e4f484-9493-b279-982b-53e0ca7bdc2c","name":"Celebrations"}},{"score":71.28,"item":{"id":"562a3fcf-5c39-757a-1428-c5390123883e","name":"Party time"}},{"score":71.28,"item":{"id":"57161715-880c-a00b-3765-789aeff25105","name":"Appeal"}},{"score":59.4,"item":{"id":"766e7c78-326c-0942-3337-dbe7977d8b41","name":"Spring"}}]}}}